timestamp,user_id,client_type,symbol,side,quantity,price
2023-03-17 14:24:00,1001,gold,AAPL,buy,7.67,157.35
2023-02-23 07:31:00,1001,gold,AAPL,buy,1.84,156.98
2023-02-13 03:29:00,1001,gold,SPY,sell,8.28,417.01
2023-02-18 02:41:00,1001,gold,AAPL,sell,1.87,175.42
2023-01-30 09:52:00,1001,gold,QQQ,sell,8.46,351.83
2023-03-27 09:06:00,1001,gold,AAPL,buy,8.8,161.4
2023-01-29 23:22:00,1001,gold,AAPL,buy,5.81,157.34
2023-02-10 07:15:00,1001,gold,MSFT,buy,3.06,290.71
2023-03-16 14:37:00,1001,gold,SPY,sell,8.96,437.25
2023-01-20 21:25:00,1001,gold,QQQ,sell,4.26,384.44
2023-01-02 23:13:00,1001,gold,GOOGL,sell,6.37,2678.77
2023-02-03 17:05:00,1001,gold,AAPL,sell,7.92,160.21
2023-03-11 18:06:00,1001,gold,GOOGL,buy,8.83,2691.68
2023-01-31 19:21:00,1001,gold,AAPL,sell,5.4,153.36
2023-03-12 05:38:00,1001,gold,AAPL,buy,7.59,174.48
2023-03-27 22:10:00,1001,gold,MSFT,sell,9.68,307.59
2023-03-17 07:31:00,1001,gold,MSFT,sell,9.1,282.56
2023-02-05 22:50:00,1001,gold,AAPL,buy,7.37,151.77
2023-02-22 06:29:00,1001,gold,SPY,buy,5.85,412.15
2023-03-24 03:21:00,1001,gold,AAPL,buy,6.93,160.63
2023-01-24 09:30:00,1001,gold,AAPL,sell,7.55,174.02
2023-03-11 00:30:00,1001,gold,SPY,buy,8.87,404.9
2023-02-19 09:03:00,1001,gold,AAPL,buy,2.5,164.57
2023-02-07 07:25:00,1001,gold,SPY,sell,4.81,435.92
2023-03-07 02:44:00,1001,gold,AAPL,buy,7.73,151.71
2023-03-18 01:21:00,1001,gold,GOOGL,buy,6.36,2570.56
2023-01-31 09:03:00,1001,gold,QQQ,buy,4.77,378.65
2023-03-14 03:24:00,1001,gold,SPY,buy,7.05,403.63
2023-02-26 18:32:00,1001,gold,AAPL,buy,5.55,153.97
2023-01-14 18:53:00,1001,gold,MSFT,buy,7.01,284.14
2023-02-02 01:44:00,1001,gold,GOOGL,sell,3.54,2602.86
2023-02-26 18:49:00,1001,gold,AAPL,sell,8.46,151.32
2023-03-12 05:03:00,1001,gold,SPY,buy,2.01,401.8
2023-03-29 08:31:00,1001,gold,SPY,buy,1.38,401.99
2023-01-21 06:02:00,1001,gold,AAPL,sell,8.02,176.52
2023-02-01 09:06:00,1001,gold,SPY,buy,2.61,433.5
2023-01-30 07:36:00,1001,gold,GOOGL,buy,4.44,2641.21
2023-03-28 18:18:00,1001,gold,AAPL,buy,4.59,158.36
2023-02-25 11:47:00,1001,gold,MSFT,buy,2.04,318.5
2023-01-01 17:44:00,1001,gold,MSFT,sell,6.46,303.06
2023-02-08 17:18:00,1001,gold,QQQ,buy,4.28,383.92
2023-01-23 21:00:00,1001,gold,MSFT,sell,3.94,287.67
2023-02-11 15:52:00,1001,gold,QQQ,sell,4.65,374.27
2023-02-06 17:35:00,1001,gold,SPY,sell,7.08,436.8
2023-01-06 08:21:00,1001,gold,QQQ,sell,1.84,355.89
2023-01-19 22:23:00,1001,gold,SPY,buy,5.1,419.2
2023-01-16 15:34:00,1001,gold,AAPL,buy,8.01,156.57
2023-03-06 14:33:00,1001,gold,GOOGL,sell,7.01,2678.64
2023-03-08 16:32:00,1001,gold,QQQ,sell,9.07,375.51
2023-01-20 07:53:00,1001,gold,GOOGL,sell,4.96,2570.35
2023-02-23 13:17:00,1001,gold,SPY,buy,7.36,420.79
2023-02-23 18:22:00,1001,gold,QQQ,buy,8.71,380.14
2023-01-22 15:57:00,1001,gold,QQQ,buy,5.39,381.93
2023-01-24 01:42:00,1001,gold,GOOGL,buy,9.16,2698.9
2023-02-23 08:36:00,1001,gold,MSFT,sell,3.95,315.19
2023-03-25 01:22:00,1001,gold,AAPL,sell,1.17,166.18
2023-01-28 15:52:00,1001,gold,AAPL,buy,2.79,150.61
2023-01-14 19:45:00,1001,gold,MSFT,sell,2.51,284.58
2023-03-22 08:17:00,1001,gold,AAPL,sell,6.18,177.24
2023-02-24 22:34:00,1001,gold,AAPL,sell,8.65,168.01
2023-02-28 05:13:00,1002,gold,AAPL,sell,1.11,162.6
2023-02-25 20:13:00,1002,gold,SPY,buy,7.6,426.91
2023-03-20 22:48:00,1002,gold,MSFT,sell,8.67,315.27
2023-03-18 23:56:00,1002,gold,SPY,sell,1.26,439.89
2023-03-02 22:02:00,1002,gold,MSFT,buy,5.65,296.26
2023-03-02 18:53:00,1002,gold,SPY,sell,8.14,415.31
2023-01-16 06:34:00,1002,gold,QQQ,sell,4.83,360.06
2023-03-17 17:54:00,1002,gold,MSFT,buy,7.69,287.66
2023-01-17 09:21:00,1002,gold,QQQ,sell,9.82,378.32
2023-03-15 09:42:00,1002,gold,AAPL,buy,5.98,170.92
2023-02-21 16:47:00,1002,gold,SPY,sell,4.96,423.89
2023-02-23 20:41:00,1002,gold,AAPL,buy,2.37,174.33
2023-03-14 21:11:00,1002,gold,QQQ,buy,7.98,367.15
2023-01-10 05:20:00,1002,gold,AAPL,buy,9.53,156.23
2023-02-28 02:25:00,1002,gold,AAPL,sell,5.05,167.81
2023-03-24 05:05:00,1002,gold,GOOGL,sell,8.09,2698.35
2023-01-16 15:59:00,1002,gold,MSFT,buy,1.64,309.96
2023-02-11 20:36:00,1002,gold,MSFT,sell,9.48,283.22
2023-03-28 09:11:00,1002,gold,MSFT,buy,1.82,303.01
2023-02-25 21:40:00,1002,gold,QQQ,buy,7.87,389.88
2023-03-05 09:50:00,1002,gold,SPY,buy,5.23,408.04
2023-01-01 22:26:00,1002,gold,SPY,buy,5.09,420.21
2023-01-27 09:06:00,1002,gold,QQQ,sell,4.72,380.4
2023-01-31 05:24:00,1002,gold,QQQ,buy,9.35,374.35
2023-01-20 17:00:00,1002,gold,MSFT,buy,5.97,316.52
2023-03-18 17:20:00,1002,gold,MSFT,sell,4.74,298.27
2023-02-06 10:11:00,1002,gold,GOOGL,buy,3.49,2624.48
2023-02-11 06:26:00,1002,gold,QQQ,sell,8.79,365.09
2023-02-19 22:39:00,1002,gold,GOOGL,sell,3.1,2513.09
2023-01-13 17:57:00,1002,gold,GOOGL,sell,9.68,2789.61
2023-02-13 21:16:00,1002,gold,SPY,buy,7.5,423.47
2023-03-04 18:28:00,1002,gold,SPY,buy,8.67,415.83
2023-03-23 03:25:00,1002,gold,AAPL,buy,3.11,170.53
2023-01-19 08:20:00,1002,gold,SPY,buy,7.25,414.67
2023-01-31 16:59:00,1002,gold,QQQ,sell,6.09,374.79
2023-02-06 23:07:00,1002,gold,QQQ,buy,3.09,368.61
2023-02-28 10:18:00,1002,gold,QQQ,buy,1.66,377.61
2023-01-03 22:28:00,1002,gold,GOOGL,sell,8.68,2614.41
2023-02-06 07:51:00,1002,gold,SPY,sell,1.07,445.53
2023-01-18 21:26:00,1002,gold,QQQ,sell,2.97,377.23
2023-02-23 05:59:00,1002,gold,AAPL,buy,3.78,163.22
2023-03-03 10:04:00,1002,gold,GOOGL,buy,8.08,2609.76
2023-02-20 19:01:00,1002,gold,MSFT,buy,5.21,289.02
2023-03-16 13:00:00,1002,gold,MSFT,buy,8.12,298.19
2023-03-24 02:09:00,1002,gold,MSFT,buy,7.07,317.73
2023-01-31 18:20:00,1002,gold,SPY,sell,6.84,449.8
2023-01-20 14:09:00,1002,gold,GOOGL,sell,5.08,2722.94
2023-01-31 12:22:00,1002,gold,AAPL,sell,6.54,178.17
2023-02-28 03:07:00,1002,gold,AAPL,sell,5.9,179.34
2023-03-12 07:04:00,1002,gold,GOOGL,buy,1.46,2796.65
2023-01-19 04:26:00,1002,gold,QQQ,buy,8.32,361.09
2023-01-03 05:56:00,1003,gold,MSFT,buy,1.99,294.33
2023-03-17 03:43:00,1003,gold,MSFT,buy,2.14,282.54
2023-01-04 02:04:00,1003,gold,SPY,buy,9.51,426.07
2023-01-19 02:14:00,1003,gold,SPY,sell,4.84,444.96
2023-03-06 20:39:00,1003,gold,GOOGL,sell,6.62,2713.65
2023-02-25 15:24:00,1003,gold,SPY,buy,8.14,427.57
2023-02-17 05:12:00,1003,gold,GOOGL,sell,4.05,2624.8
2023-01-08 20:01:00,1003,gold,SPY,buy,1.82,418.63
2023-01-07 09:49:00,1003,gold,QQQ,sell,7.03,386.63
2023-03-13 12:32:00,1003,gold,QQQ,sell,4.16,354.33
2023-03-24 19:00:00,1003,gold,AAPL,sell,6.17,174.22
2023-01-19 19:19:00,1003,gold,AAPL,sell,1.26,158.2
2023-02-13 05:22:00,1003,gold,SPY,buy,2.28,410.76
2023-03-21 01:41:00,1003,gold,MSFT,sell,7.49,283.4
2023-02-14 14:40:00,1003,gold,AAPL,sell,4.99,162.72
2023-01-08 00:15:00,1003,gold,AAPL,sell,7.1,167.79
2023-02-25 05:59:00,1003,gold,GOOGL,sell,9.51,2729.25
2023-01-06 14:53:00,1003,gold,GOOGL,sell,5.79,2667.62
2023-01-15 13:49:00,1003,gold,AAPL,sell,9.29,175.86
2023-01-14 08:18:00,1003,gold,AAPL,sell,2.55,178.43
2023-03-07 21:36:00,1003,gold,SPY,sell,5.72,416.65
2023-01-19 08:44:00,1003,gold,AAPL,buy,9.15,160.48
2023-03-14 19:46:00,1003,gold,GOOGL,buy,6.42,2696.65
2023-02-05 20:11:00,1003,gold,SPY,sell,8.78,422.11
2023-01-12 20:59:00,1003,gold,AAPL,sell,5.57,159.31
2023-03-25 06:25:00,1003,gold,QQQ,sell,5.16,382.39
2023-01-11 17:13:00,1003,gold,MSFT,sell,5.51,312.44
2023-02-06 13:13:00,1003,gold,GOOGL,buy,3.23,2631.83
2023-02-19 09:41:00,1003,gold,SPY,sell,7.11,416.48
2023-02-20 04:24:00,1003,gold,MSFT,buy,4.0,293.99
2023-03-29 17:58:00,1003,gold,QQQ,buy,3.79,383.16
2023-01-25 07:43:00,1003,gold,AAPL,sell,5.58,150.55
2023-01-05 22:35:00,1003,gold,GOOGL,buy,1.69,2530.34
2023-02-26 01:29:00,1003,gold,MSFT,buy,6.38,307.71
2023-03-10 08:09:00,1003,gold,SPY,sell,7.09,437.43
2023-02-18 17:09:00,1003,gold,MSFT,sell,9.14,302.82
2023-02-17 18:55:00,1003,gold,QQQ,sell,9.7,375.65
2023-01-29 15:23:00,1003,gold,AAPL,buy,3.57,172.89
2023-02-10 03:22:00,1003,gold,MSFT,buy,4.73,295.45
2023-02-27 21:00:00,1003,gold,MSFT,buy,2.24,307.84
2023-02-06 08:06:00,1003,gold,AAPL,buy,1.17,156.47
2023-03-18 18:17:00,1003,gold,MSFT,buy,1.43,298.28
2023-03-27 02:55:00,1003,gold,AAPL,buy,7.47,158.74
2023-03-02 01:29:00,1003,gold,QQQ,sell,1.61,365.62
2023-03-16 11:20:00,1003,gold,SPY,sell,3.28,436.65
2023-03-03 21:33:00,1003,gold,GOOGL,buy,4.17,2692.84
2023-01-06 10:46:00,1003,gold,GOOGL,buy,1.57,2637.3
2023-01-07 22:22:00,1003,gold,MSFT,sell,9.9,310.13
2023-01-24 16:56:00,1003,gold,MSFT,sell,2.12,309.73
2023-01-24 18:37:00,1003,gold,SPY,sell,9.32,403.95
2023-02-26 11:59:00,1003,gold,MSFT,sell,1.92,297.84
2023-01-08 02:33:00,1003,gold,SPY,buy,7.54,431.97
2023-02-26 01:11:00,1003,gold,SPY,sell,5.62,442.43
2023-02-27 12:39:00,1003,gold,GOOGL,buy,3.12,2608.65
2023-01-15 00:53:00,1003,gold,MSFT,sell,7.87,295.92
2023-03-20 09:44:00,1003,gold,GOOGL,sell,5.66,2535.33
2023-03-29 10:54:00,1003,gold,SPY,buy,2.1,422.26
2023-03-07 07:39:00,1004,gold,AAPL,sell,9.02,175.54
2023-03-12 04:25:00,1004,gold,AAPL,buy,8.13,157.1
2023-03-15 02:31:00,1004,gold,QQQ,buy,1.59,366.38
2023-03-23 20:03:00,1004,gold,GOOGL,sell,6.78,2704.03
2023-02-11 07:41:00,1004,gold,GOOGL,buy,4.89,2516.62
2023-03-10 03:11:00,1004,gold,MSFT,sell,8.61,302.03
2023-03-14 01:24:00,1004,gold,QQQ,buy,6.33,363.5
2023-03-23 01:02:00,1004,gold,AAPL,buy,1.41,169.24
2023-03-30 02:02:00,1004,gold,SPY,sell,6.78,420.3
2023-02-14 13:36:00,1004,gold,GOOGL,sell,4.74,2602.06
2023-01-07 09:54:00,1004,gold,GOOGL,sell,5.63,2572.52
2023-01-21 17:00:00,1004,gold,SPY,sell,3.23,428.88
2023-01-28 19:54:00,1004,gold,QQQ,sell,5.49,388.67
2023-01-14 14:42:00,1004,gold,MSFT,buy,1.45,306.17
2023-03-12 09:51:00,1004,gold,GOOGL,sell,7.55,2609.78
2023-01-13 13:26:00,1004,gold,AAPL,sell,5.54,172.93
2023-01-05 04:40:00,1004,gold,MSFT,sell,6.02,304.1
2023-02-20 21:02:00,1004,gold,MSFT,sell,5.67,285.59
2023-02-12 22:59:00,1004,gold,MSFT,sell,5.57,302.52
2023-03-25 19:44:00,1004,gold,AAPL,sell,6.25,173.9
2023-01-19 23:14:00,1004,gold,QQQ,buy,7.49,383.65
2023-01-27 14:00:00,1004,gold,GOOGL,buy,6.15,2557.24
2023-03-26 16:19:00,1004,gold,QQQ,sell,8.86,363.0
2023-03-29 21:57:00,1004,gold,QQQ,sell,3.82,380.88
2023-02-06 07:04:00,1004,gold,MSFT,sell,2.73,288.99
2023-03-11 12:57:00,1004,gold,SPY,sell,5.32,414.39
2023-02-26 22:23:00,1004,gold,SPY,sell,9.59,435.71
2023-03-17 08:10:00,1004,gold,MSFT,sell,2.93,302.48
2023-01-13 23:15:00,1004,gold,GOOGL,buy,7.03,2691.38
2023-03-25 06:48:00,1004,gold,GOOGL,buy,9.68,2547.38
2023-01-05 05:58:00,1004,gold,MSFT,sell,3.57,306.09
2023-02-07 01:16:00,1004,gold,SPY,buy,9.41,409.32
2023-03-05 04:34:00,1004,gold,AAPL,sell,6.11,153.22
2023-01-02 11:30:00,1004,gold,QQQ,sell,3.46,378.74
2023-03-27 03:15:00,1004,gold,MSFT,buy,2.58,313.08
2023-02-12 10:18:00,1004,gold,GOOGL,buy,5.3,2502.05
2023-03-29 17:09:00,1004,gold,QQQ,buy,3.35,356.39
2023-02-28 20:40:00,1004,gold,MSFT,buy,6.75,288.83
2023-03-29 20:20:00,1004,gold,MSFT,sell,7.32,312.08
2023-01-26 19:32:00,1004,gold,AAPL,sell,5.75,160.85
2023-03-07 15:12:00,1004,gold,QQQ,buy,2.48,369.55
2023-01-03 13:30:00,1004,gold,AAPL,sell,2.19,162.46
2023-01-09 16:06:00,1004,gold,MSFT,buy,7.71,293.78
2023-02-18 15:18:00,1004,gold,AAPL,sell,4.68,173.07
2023-03-10 13:24:00,1004,gold,SPY,sell,1.72,443.01
2023-03-11 14:28:00,1004,gold,QQQ,buy,7.55,376.94
2023-01-15 01:05:00,1004,gold,QQQ,sell,8.41,379.0
2023-02-01 01:30:00,1004,gold,SPY,buy,3.17,433.6
2023-03-15 10:53:00,1004,gold,SPY,sell,3.11,425.19
2023-03-13 20:11:00,1004,gold,QQQ,sell,3.13,361.01
2023-03-31 14:12:00,1004,gold,GOOGL,sell,6.0,2603.32
2023-03-01 01:58:00,1005,gold,GOOGL,sell,4.39,2642.06
2023-02-27 12:39:00,1005,gold,QQQ,sell,9.71,375.87
2023-03-17 22:55:00,1005,gold,AAPL,buy,1.46,161.32
2023-01-16 16:20:00,1005,gold,QQQ,buy,5.31,387.49
2023-02-09 08:55:00,1005,gold,GOOGL,buy,4.57,2596.48
2023-02-10 14:07:00,1005,gold,MSFT,sell,5.19,310.47
2023-01-26 11:15:00,1005,gold,AAPL,buy,7.67,150.49
2023-03-04 21:54:00,1005,gold,GOOGL,sell,6.13,2665.19
2023-03-11 21:54:00,1005,gold,SPY,sell,2.51,424.42
2023-03-22 07:53:00,1005,gold,AAPL,buy,8.55,152.23
2023-03-03 22:30:00,1005,gold,AAPL,buy,1.08,165.17
2023-01-03 17:08:00,1005,gold,SPY,buy,1.06,413.74
2023-02-04 13:32:00,1005,gold,SPY,buy,1.96,426.32
2023-01-11 22:18:00,1005,gold,AAPL,sell,9.63,163.77
2023-02-25 22:00:00,1005,gold,AAPL,buy,4.65,161.32
2023-02-04 01:35:00,1005,gold,MSFT,buy,9.05,316.05
2023-03-17 04:55:00,1005,gold,AAPL,sell,9.09,166.91
2023-02-19 04:46:00,1005,gold,SPY,buy,3.69,433.85
2023-02-20 11:08:00,1005,gold,AAPL,sell,1.48,163.11
2023-03-16 22:33:00,1005,gold,AAPL,sell,8.05,163.52
2023-03-23 05:15:00,1005,gold,SPY,buy,7.95,413.4
2023-01-12 06:23:00,1005,gold,SPY,sell,4.25,438.07
2023-02-11 13:08:00,1005,gold,SPY,sell,6.01,427.71
2023-03-08 05:47:00,1005,gold,AAPL,sell,4.72,173.38
2023-03-03 02:37:00,1005,gold,SPY,buy,2.25,421.73
2023-01-01 13:30:00,1005,gold,MSFT,sell,9.5,304.67
2023-01-18 10:15:00,1005,gold,MSFT,sell,8.24,312.62
2023-03-15 08:16:00,1005,gold,MSFT,buy,5.31,292.77
2023-01-24 23:16:00,1005,gold,MSFT,sell,3.52,317.28
2023-02-22 22:58:00,1005,gold,QQQ,buy,9.58,377.71
2023-03-18 16:21:00,1005,gold,SPY,buy,6.7,439.45
2023-03-31 18:19:00,1005,gold,QQQ,sell,5.81,388.74
2023-03-24 23:07:00,1005,gold,QQQ,buy,1.98,372.53
2023-03-16 23:28:00,1005,gold,SPY,sell,9.69,425.53
2023-01-04 16:28:00,1005,gold,QQQ,buy,5.01,363.8
2023-02-28 07:03:00,1005,gold,AAPL,sell,4.74,178.85
2023-04-01 03:55:00,1005,gold,QQQ,sell,4.13,351.79
2023-01-21 11:17:00,1005,gold,AAPL,sell,6.83,170.31
2023-01-04 20:57:00,1005,gold,QQQ,sell,9.63,367.29
2023-01-09 19:42:00,1005,gold,GOOGL,sell,6.33,2711.42
2023-02-10 20:22:00,1005,gold,AAPL,buy,4.29,155.91
2023-02-08 20:58:00,1005,gold,SPY,sell,6.28,440.69
2023-02-19 14:16:00,1005,gold,QQQ,buy,7.05,355.65
2023-01-23 18:56:00,1005,gold,QQQ,buy,6.17,387.23
2023-03-04 04:39:00,1005,gold,GOOGL,sell,3.6,2752.6
2023-03-04 05:42:00,1005,gold,GOOGL,sell,9.67,2648.49
2023-03-14 16:54:00,1005,gold,AAPL,buy,8.16,156.62
2023-02-26 18:38:00,1005,gold,QQQ,buy,6.15,380.27
2023-02-14 02:58:00,1005,gold,GOOGL,sell,1.92,2725.4
2023-03-22 14:36:00,1005,gold,SPY,buy,7.98,417.53
2023-01-22 11:02:00,1005,gold,GOOGL,buy,8.06,2741.63
2023-02-22 02:01:00,1005,gold,MSFT,sell,6.15,316.01
2023-02-20 16:42:00,1005,gold,MSFT,buy,7.31,292.88
2023-02-05 23:42:00,2001,silver,QQQ,sell,6.65,366.11
2023-02-28 21:40:00,2001,silver,MSFT,sell,9.55,310.97
2023-02-06 11:31:00,2001,silver,MSFT,buy,8.16,312.99
2023-02-28 00:33:00,2001,silver,QQQ,buy,6.1,353.98
2023-03-25 10:18:00,2001,silver,AAPL,buy,4.97,150.02
2023-03-22 10:25:00,2001,silver,GOOGL,sell,1.84,2524.73
2023-03-29 15:11:00,2001,silver,GOOGL,sell,6.9,2500.33
2023-02-19 03:02:00,2001,silver,AAPL,buy,7.26,174.51
2023-03-28 04:52:00,2001,silver,AAPL,buy,3.82,176.43
2023-03-20 23:26:00,2001,silver,AAPL,buy,6.49,154.92
2023-02-10 04:46:00,2001,silver,SPY,buy,1.78,419.2
2023-01-04 22:28:00,2001,silver,GOOGL,sell,6.8,2680.3
2023-01-31 16:53:00,2001,silver,MSFT,buy,5.66,291.82
2023-02-10 04:30:00,2001,silver,SPY,buy,3.17,400.6
2023-01-09 00:28:00,2001,silver,SPY,sell,4.29,438.52
2023-02-23 14:27:00,2001,silver,MSFT,buy,1.36,300.26
2023-01-20 18:18:00,2001,silver,SPY,buy,6.76,403.95
2023-01-31 01:58:00,2001,silver,MSFT,sell,6.28,305.73
2023-01-23 04:04:00,2001,silver,GOOGL,buy,9.32,2683.69
2023-01-22 12:41:00,2001,silver,AAPL,buy,7.31,154.91
2023-02-03 19:40:00,2001,silver,GOOGL,sell,7.6,2769.97
,2001,silver,MSFT,buy,1.5,300.0
not_a_date,2001,silver,,sell,,
2023-01-14 19:35:00,2001,silver,AAPL,sell,5.1,160.8
2023-01-20 06:06:00,2001,silver,AAPL,buy,7.67,150.08
2023-01-16 17:08:00,2001,silver,AAPL,sell,3.02,157.45
2023-02-09 11:10:00,2001,silver,AAPL,buy,3.01,165.47
2023-03-17 16:50:00,2001,silver,AAPL,sell,1.07,156.02
2023-01-02 11:26:00,2001,silver,GOOGL,buy,2.36,2507.17
2023-01-08 04:51:00,2001,silver,AAPL,sell,8.64,171.82
2023-01-11 19:49:00,2001,silver,MSFT,buy,1.4,296.52
2023-02-07 08:54:00,2001,silver,AAPL,buy,6.73,161.83
2023-03-16 03:43:00,2001,silver,MSFT,sell,7.31,290.88
2023-02-09 15:48:00,2001,silver,GOOGL,buy,2.48,2621.95
2023-02-11 05:03:00,2001,silver,MSFT,buy,1.81,308.19
2023-02-21 15:26:00,2001,silver,AAPL,buy,9.72,161.89
2023-01-29 04:27:00,2001,silver,QQQ,buy,1.85,381.24
2023-01-03 02:12:00,2001,silver,GOOGL,sell,4.35,2693.41
2023-01-07 05:44:00,2001,silver,GOOGL,sell,8.28,2754.18
2023-01-24 09:23:00,2001,silver,QQQ,sell,8.4,358.59
2023-03-12 16:21:00,2001,silver,MSFT,sell,8.95,289.83
2023-03-11 00:39:00,2001,silver,AAPL,buy,3.52,154.12
2023-01-04 10:53:00,2001,silver,SPY,sell,5.32,416.08
2023-03-16 07:56:00,2001,silver,QQQ,buy,1.26,364.3
2023-01-29 19:39:00,2001,silver,GOOGL,buy,3.23,2660.11
2023-02-15 20:11:00,2001,silver,SPY,sell,9.42,415.9
2023-03-04 01:17:00,2002,silver,MSFT,buy,6.07,315.27
2023-01-17 11:37:00,2002,silver,AAPL,buy,3.09,156.56
2023-02-16 02:28:00,2002,silver,GOOGL,sell,1.54,2711.41
2023-03-23 16:37:00,2002,silver,MSFT,sell,6.27,319.03
2023-01-23 12:54:00,2002,silver,MSFT,buy,7.36,304.55
2023-03-14 01:06:00,2002,silver,MSFT,sell,2.15,317.95
2023-01-10 08:07:00,2002,silver,GOOGL,sell,9.29,2566.27
2023-02-27 00:23:00,2002,silver,MSFT,sell,2.51,308.36
2023-02-23 05:40:00,2002,silver,MSFT,buy,3.25,284.32
2023-03-29 07:41:00,2002,silver,SPY,sell,8.94,439.44
2023-01-22 12:48:00,2002,silver,GOOGL,sell,1.66,2588.47
2023-01-04 14:43:00,2002,silver,GOOGL,buy,5.92,2527.93
2023-03-11 09:03:00,2002,silver,GOOGL,sell,2.41,2561.67
2023-02-24 02:59:00,2002,silver,MSFT,sell,3.14,313.59
2023-02-09 13:34:00,2002,silver,MSFT,sell,2.8,291.67
2023-01-24 15:12:00,2002,silver,SPY,sell,9.05,418.55
2023-01-13 02:55:00,2002,silver,AAPL,sell,4.96,157.9
2023-03-10 23:27:00,2002,silver,MSFT,sell,9.74,313.63
2023-03-15 23:07:00,2002,silver,SPY,buy,5.29,425.11
2023-01-17 01:27:00,2002,silver,QQQ,buy,2.08,382.34
2023-01-09 02:58:00,2002,silver,SPY,buy,9.89,441.71
,2002,silver,MSFT,buy,1.5,300.0
not_a_date,2002,silver,,sell,,
2023-03-17 17:50:00,2002,silver,SPY,sell,5.97,400.62
2023-03-14 03:26:00,2002,silver,SPY,buy,4.73,446.98
2023-02-21 04:54:00,2002,silver,MSFT,sell,8.9,302.88
2023-02-17 00:41:00,2002,silver,QQQ,sell,1.35,386.83
2023-02-08 15:07:00,2002,silver,MSFT,sell,3.8,307.39
2023-03-04 17:37:00,2002,silver,MSFT,sell,7.56,297.67
2023-03-14 00:59:00,2002,silver,MSFT,buy,5.64,300.27
2023-01-26 09:21:00,2002,silver,GOOGL,buy,8.88,2517.29
2023-01-23 16:11:00,2002,silver,MSFT,sell,5.55,281.22
2023-01-07 05:33:00,2002,silver,QQQ,sell,4.1,351.1
2023-03-29 00:18:00,2002,silver,QQQ,buy,8.71,350.8
2023-04-01 21:56:00,2002,silver,SPY,buy,6.83,440.25
2023-03-21 13:33:00,2002,silver,MSFT,sell,9.06,288.73
2023-02-06 10:11:00,2002,silver,QQQ,buy,1.07,373.75
2023-03-25 10:11:00,2002,silver,AAPL,sell,1.57,179.65
2023-02-10 23:14:00,2002,silver,GOOGL,buy,5.66,2517.03
2023-04-01 19:31:00,2002,silver,GOOGL,buy,6.9,2577.83
2023-03-06 10:14:00,2002,silver,GOOGL,sell,7.54,2660.39
2023-03-29 11:27:00,2002,silver,GOOGL,buy,3.64,2722.28
2023-02-07 15:49:00,2003,silver,AAPL,buy,4.2,172.33
2023-01-16 23:14:00,2003,silver,AAPL,sell,1.48,169.03
2023-02-28 04:53:00,2003,silver,SPY,sell,4.72,417.13
2023-02-05 07:08:00,2003,silver,MSFT,buy,8.01,287.07
2023-03-03 13:05:00,2003,silver,GOOGL,buy,5.41,2526.41
2023-01-03 23:05:00,2003,silver,AAPL,buy,5.8,171.92
2023-01-09 01:33:00,2003,silver,AAPL,buy,3.04,176.31
2023-03-04 12:15:00,2003,silver,MSFT,sell,5.1,297.35
2023-01-03 20:07:00,2003,silver,GOOGL,buy,9.53,2621.02
2023-03-21 01:39:00,2003,silver,QQQ,buy,2.11,380.85
2023-03-12 08:37:00,2003,silver,QQQ,buy,6.96,365.21
2023-03-21 20:40:00,2003,silver,SPY,buy,2.85,405.05
2023-01-26 20:47:00,2003,silver,GOOGL,sell,8.48,2715.63
2023-01-27 23:29:00,2003,silver,GOOGL,sell,8.48,2607.38
2023-01-12 17:27:00,2003,silver,SPY,sell,3.11,428.71
2023-01-23 01:20:00,2003,silver,AAPL,buy,9.14,169.33
2023-01-18 22:38:00,2003,silver,MSFT,sell,8.21,283.8
2023-01-24 03:53:00,2003,silver,GOOGL,sell,4.22,2686.54
2023-01-22 03:51:00,2003,silver,SPY,sell,9.66,439.99
2023-02-26 06:11:00,2003,silver,GOOGL,buy,9.83,2531.11
2023-03-03 16:39:00,2003,silver,QQQ,sell,8.01,385.67
,2003,silver,MSFT,buy,1.5,300.0
not_a_date,2003,silver,,sell,,
2023-03-15 19:17:00,2003,silver,AAPL,sell,4.97,151.9
2023-03-26 23:05:00,2003,silver,GOOGL,sell,5.67,2685.47
2023-03-02 16:55:00,2003,silver,SPY,buy,8.55,432.17
2023-02-18 13:45:00,2003,silver,GOOGL,buy,7.76,2599.27
2023-03-05 22:18:00,2003,silver,GOOGL,buy,5.13,2634.43
2023-03-23 10:23:00,2003,silver,AAPL,buy,4.63,151.07
2023-02-12 19:07:00,2003,silver,QQQ,buy,6.89,383.77
2023-02-15 21:37:00,2003,silver,QQQ,sell,7.45,350.09
2023-01-14 08:40:00,2003,silver,MSFT,sell,7.32,285.62
2023-01-14 14:08:00,2003,silver,QQQ,buy,2.69,378.67
2023-03-09 01:39:00,2003,silver,AAPL,buy,7.95,163.52
2023-01-17 03:32:00,2003,silver,QQQ,sell,8.55,373.14
2023-02-13 10:02:00,2003,silver,SPY,sell,5.54,438.12
2023-02-10 18:53:00,2003,silver,SPY,buy,2.24,442.15
2023-01-23 17:11:00,2003,silver,GOOGL,buy,2.89,2705.98
2023-03-28 18:13:00,2003,silver,QQQ,sell,7.39,378.4
2023-01-21 09:46:00,2003,silver,MSFT,sell,8.27,285.81
2023-01-14 21:01:00,2003,silver,MSFT,buy,8.55,310.14
2023-03-27 01:36:00,2003,silver,QQQ,buy,7.68,361.51
2023-01-26 21:10:00,2003,silver,SPY,sell,4.75,402.69
2023-01-25 10:02:00,2003,silver,SPY,buy,9.2,427.33
2023-02-05 18:59:00,2003,silver,SPY,buy,9.85,405.97
2023-02-11 20:22:00,2003,silver,MSFT,buy,2.45,298.65
2023-01-24 17:46:00,2003,silver,AAPL,sell,5.41,167.18
2023-02-16 10:01:00,2003,silver,AAPL,buy,4.74,166.11
2023-03-24 20:56:00,2003,silver,GOOGL,sell,9.97,2794.34
2023-03-11 09:39:00,2003,silver,QQQ,buy,9.63,365.44
2023-01-11 03:16:00,2003,silver,AAPL,sell,5.63,165.26
2023-01-27 18:21:00,2003,silver,GOOGL,buy,6.64,2688.85
2023-02-02 19:02:00,2003,silver,SPY,buy,7.72,404.38
2023-01-16 18:15:00,2003,silver,AAPL,buy,9.2,162.23
2023-03-29 10:17:00,2003,silver,AAPL,buy,7.8,167.57
2023-01-29 04:39:00,2003,silver,QQQ,buy,3.53,356.25
2023-02-17 00:22:00,2003,silver,SPY,sell,9.64,439.75
2023-02-14 07:13:00,2003,silver,QQQ,buy,2.11,362.19
2023-01-07 18:44:00,2003,silver,SPY,buy,2.45,409.07
2023-01-17 22:54:00,2003,silver,SPY,buy,3.62,424.36
2023-03-30 19:56:00,2003,silver,GOOGL,buy,3.57,2558.05
2023-03-24 14:53:00,2003,silver,GOOGL,sell,8.27,2550.59
2023-01-14 05:59:00,2004,silver,MSFT,buy,7.12,297.81
2023-01-10 02:34:00,2004,silver,QQQ,buy,8.58,385.45
2023-03-11 16:06:00,2004,silver,AAPL,buy,8.31,167.37
2023-01-12 13:32:00,2004,silver,GOOGL,sell,4.53,2676.88
2023-02-27 05:26:00,2004,silver,MSFT,buy,6.96,304.56
2023-02-17 07:59:00,2004,silver,GOOGL,buy,7.62,2607.64
2023-03-25 11:03:00,2004,silver,AAPL,buy,5.66,173.74
2023-03-25 02:39:00,2004,silver,AAPL,sell,8.51,157.9
2023-03-03 20:37:00,2004,silver,QQQ,sell,4.39,369.47
2023-03-19 04:02:00,2004,silver,AAPL,buy,4.96,156.9
2023-02-22 00:45:00,2004,silver,GOOGL,sell,8.3,2644.45
2023-01-22 08:48:00,2004,silver,GOOGL,buy,2.15,2540.42
2023-01-11 07:23:00,2004,silver,GOOGL,sell,6.39,2505.59
2023-01-24 21:16:00,2004,silver,SPY,sell,8.81,439.73
2023-01-17 03:42:00,2004,silver,QQQ,sell,2.51,365.13
2023-03-20 20:28:00,2004,silver,AAPL,buy,5.7,177.28
2023-03-28 22:09:00,2004,silver,AAPL,buy,1.84,169.78
2023-02-18 11:57:00,2004,silver,SPY,sell,4.33,440.12
2023-03-11 13:56:00,2004,silver,QQQ,buy,4.83,373.93
2023-01-27 23:28:00,2004,silver,MSFT,buy,1.05,300.9
2023-02-16 20:53:00,2004,silver,MSFT,sell,4.26,290.15
,2004,silver,MSFT,buy,1.5,300.0
not_a_date,2004,silver,,sell,,
2023-02-02 10:28:00,2004,silver,MSFT,sell,7.79,299.3
2023-03-31 05:31:00,2004,silver,QQQ,sell,7.97,359.19
2023-02-19 21:42:00,2004,silver,AAPL,buy,5.58,173.58
2023-03-19 01:17:00,2004,silver,AAPL,buy,8.41,164.15
2023-03-23 16:52:00,2004,silver,SPY,sell,6.53,447.29
2023-03-08 23:50:00,2004,silver,SPY,buy,2.82,401.68
2023-02-21 12:03:00,2004,silver,GOOGL,buy,7.07,2696.51
2023-03-13 19:53:00,2004,silver,SPY,sell,6.27,404.51
2023-02-03 05:58:00,2004,silver,MSFT,sell,9.67,287.78
2023-03-10 19:37:00,2004,silver,SPY,buy,6.03,425.66
2023-02-28 20:01:00,2004,silver,MSFT,sell,9.69,310.3
2023-02-10 14:04:00,2004,silver,AAPL,sell,2.05,152.03
2023-03-12 06:05:00,2004,silver,MSFT,buy,7.31,295.96
2023-03-05 06:48:00,2004,silver,SPY,sell,4.18,434.16
2023-01-14 04:05:00,2004,silver,GOOGL,buy,8.85,2560.83
2023-03-05 19:36:00,2004,silver,AAPL,sell,6.52,172.93
2023-03-09 14:26:00,2004,silver,MSFT,sell,2.65,295.92
2023-02-28 10:46:00,2004,silver,SPY,buy,5.52,448.83
2023-02-03 08:05:00,2004,silver,AAPL,buy,7.07,161.38
2023-02-16 13:40:00,2004,silver,MSFT,sell,9.63,296.96
2023-01-31 18:57:00,2004,silver,MSFT,sell,2.62,289.14
2023-01-18 21:31:00,2004,silver,SPY,sell,2.76,400.49
2023-01-08 07:21:00,2004,silver,QQQ,sell,8.07,377.62
2023-02-02 11:44:00,2004,silver,MSFT,sell,8.55,290.39
2023-01-23 09:42:00,2004,silver,AAPL,sell,2.09,176.02
2023-03-22 04:56:00,2004,silver,MSFT,sell,7.06,315.59
2023-02-10 10:48:00,2004,silver,GOOGL,sell,4.8,2621.43
2023-03-08 15:22:00,2005,silver,MSFT,sell,6.45,311.24
2023-01-11 07:11:00,2005,silver,SPY,buy,2.65,447.02
2023-01-11 03:32:00,2005,silver,GOOGL,sell,1.93,2763.61
2023-01-17 04:28:00,2005,silver,MSFT,buy,1.76,289.17
2023-03-11 09:17:00,2005,silver,QQQ,buy,1.26,389.0
2023-03-14 14:50:00,2005,silver,QQQ,sell,2.22,379.96
2023-01-20 10:21:00,2005,silver,QQQ,sell,9.18,366.49
2023-03-04 16:17:00,2005,silver,AAPL,buy,5.71,172.75
2023-03-13 14:55:00,2005,silver,MSFT,buy,7.89,311.87
2023-01-31 17:38:00,2005,silver,SPY,buy,2.47,413.15
2023-02-07 03:46:00,2005,silver,QQQ,sell,3.56,357.3
2023-01-24 03:29:00,2005,silver,SPY,sell,3.45,402.48
2023-02-23 10:38:00,2005,silver,MSFT,sell,2.13,283.61
2023-02-20 02:26:00,2005,silver,SPY,sell,5.17,447.58
2023-02-01 13:08:00,2005,silver,QQQ,sell,2.63,388.98
2023-03-02 13:16:00,2005,silver,SPY,buy,7.64,426.06
2023-02-08 06:46:00,2005,silver,MSFT,sell,2.43,301.98
2023-02-05 19:57:00,2005,silver,MSFT,buy,8.77,305.32
2023-02-17 03:03:00,2005,silver,AAPL,sell,8.1,150.27
2023-02-15 22:00:00,2005,silver,GOOGL,buy,5.5,2601.53
2023-02-26 06:35:00,2005,silver,GOOGL,buy,2.13,2794.5
,2005,silver,MSFT,buy,1.5,300.0
not_a_date,2005,silver,,sell,,
2023-03-31 16:43:00,2005,silver,AAPL,sell,4.22,154.04
2023-01-21 02:21:00,2005,silver,GOOGL,buy,5.89,2640.52
2023-01-24 00:38:00,2005,silver,QQQ,buy,5.04,370.24
2023-03-09 23:19:00,2005,silver,QQQ,sell,7.98,365.5
2023-01-17 06:05:00,2005,silver,SPY,buy,6.52,426.16
2023-03-21 23:56:00,2005,silver,AAPL,buy,1.96,155.75
2023-01-11 15:58:00,2005,silver,QQQ,sell,1.44,376.23
2023-02-04 18:03:00,2005,silver,AAPL,sell,6.02,178.15
2023-02-19 06:28:00,2005,silver,AAPL,buy,8.51,152.34
2023-03-15 12:13:00,2005,silver,GOOGL,buy,6.13,2667.53
2023-03-18 15:07:00,2005,silver,SPY,sell,8.95,416.88
2023-02-11 20:46:00,2005,silver,MSFT,sell,5.95,296.49
2023-01-01 01:10:00,2005,silver,GOOGL,buy,4.38,2723.37
2023-01-03 23:32:00,2005,silver,MSFT,buy,5.66,292.01
2023-02-02 10:15:00,2005,silver,MSFT,buy,1.85,290.6
2023-03-30 23:59:00,2005,silver,AAPL,sell,6.12,156.52
2023-02-12 11:52:00,2005,silver,QQQ,buy,6.36,352.24
2023-03-23 21:34:00,2005,silver,SPY,sell,9.37,442.47
2023-01-07 22:59:00,2005,silver,SPY,buy,3.74,425.12
2023-02-13 02:49:00,2005,silver,SPY,sell,7.78,439.32
2023-03-03 19:05:00,2005,silver,SPY,buy,5.93,434.89
2023-02-04 14:40:00,2005,silver,GOOGL,sell,4.56,2668.35
2023-02-09 05:46:00,2005,silver,MSFT,buy,2.01,287.62
2023-01-11 03:50:00,2005,silver,MSFT,sell,6.61,289.34
2023-01-15 10:24:00,2005,silver,AAPL,buy,9.54,177.8
2023-03-03 21:15:00,2005,silver,SPY,sell,1.2,426.16
2023-03-31 21:05:00,2005,silver,GOOGL,buy,4.39,2658.04
2023-02-16 03:40:00,2005,silver,MSFT,buy,5.18,306.41
2023-02-10 16:32:00,2005,silver,AAPL,sell,8.81,169.48
2023-03-09 10:24:00,2005,silver,QQQ,buy,2.68,359.9
2023-03-06 09:24:00,2005,silver,MSFT,sell,4.54,294.08
2023-01-20 11:39:00,2005,silver,AAPL,sell,8.91,176.71
2023-01-31 19:33:00,2005,silver,SPY,buy,1.79,431.28
2023-03-11 23:20:00,2005,silver,GOOGL,sell,9.73,2598.79
2023-01-19 22:23:00,2005,silver,GOOGL,buy,3.78,2657.14
2023-01-04 10:52:00,2005,silver,QQQ,buy,3.86,385.19
2023-01-25 03:38:00,2005,silver,SPY,sell,3.73,436.92
2023-01-30 23:27:00,2005,silver,GOOGL,buy,1.24,2685.08
2023-01-24 13:13:00,2005,silver,AAPL,sell,1.72,173.39
2023-01-29 22:54:00,3001,bronze,SPY,buy,2.47,446.27
2023-02-28 08:25:00,3001,bronze,GOOGL,buy,1.6,2795.69
2023-03-15 20:16:00,3001,bronze,SPY,sell,7.99,419.71
2023-02-20 01:20:00,3001,bronze,QQQ,buy,5.69,370.75
2023-02-06 15:44:00,3001,bronze,QQQ,sell,5.65,362.18
2023-01-12 17:05:00,3001,bronze,GOOGL,sell,3.65,2706.99
2023-01-23 15:29:00,3001,bronze,AAPL,buy,8.01,178.14
2023-01-16 03:06:00,3001,bronze,QQQ,buy,8.94,356.56
2023-01-21 12:55:00,3001,bronze,AAPL,sell,6.71,152.56
2023-01-19 06:06:00,3001,bronze,QQQ,sell,1.4,356.48
2023-01-26 00:07:00,3001,bronze,AAPL,sell,3.77,171.9
2023-01-28 20:05:00,3001,bronze,QQQ,sell,1.11,369.74
2023-03-13 07:05:00,3001,bronze,SPY,sell,4.69,427.37
2023-02-08 11:18:00,3001,bronze,AAPL,buy,2.33,169.6
2023-03-15 19:11:00,3001,bronze,AAPL,buy,1.98,179.81
2023-01-09 14:35:00,3001,bronze,GOOGL,sell,7.74,2510.75
2023-03-31 07:08:00,3001,bronze,QQQ,buy,3.64,370.99
2023-04-01 09:48:00,3001,bronze,QQQ,buy,1.98,377.55
2023-03-22 16:59:00,3001,bronze,SPY,sell,3.34,430.71
2023-01-16 07:04:00,3001,bronze,SPY,buy,8.95,405.91
2023-02-06 08:41:00,3001,bronze,QQQ,sell,4.73,358.05
2023-03-14 21:01:00,3001,bronze,AAPL,sell,3.7,166.5
2023-01-18 16:26:00,3001,bronze,AAPL,buy,2.75,175.01
2023-03-08 10:13:00,3001,bronze,GOOGL,sell,9.03,2600.53
2023-01-09 05:05:00,3001,bronze,QQQ,sell,6.0,381.83
2023-01-15 10:31:00,3001,bronze,MSFT,buy,4.05,286.64
2023-03-09 10:19:00,3001,bronze,MSFT,buy,3.44,294.86
2023-03-06 05:15:00,3001,bronze,GOOGL,buy,4.37,2560.63
2023-03-08 23:05:00,3001,bronze,GOOGL,sell,9.31,2657.09
2023-03-29 20:17:00,3001,bronze,GOOGL,buy,7.52,2714.1
2023-02-09 21:48:00,3001,bronze,AAPL,sell,5.2,151.38
2023-01-21 09:20:00,3001,bronze,GOOGL,sell,2.8,2659.68
2023-04-01 09:40:00,3001,bronze,AAPL,buy,9.62,166.79
2023-03-28 01:43:00,3001,bronze,QQQ,buy,2.54,351.16
2023-03-31 15:13:00,3001,bronze,AAPL,sell,1.48,162.79
2023-03-01 19:22:00,3001,bronze,QQQ,sell,3.81,388.95
2023-03-01 16:03:00,3001,bronze,GOOGL,buy,8.32,2640.48
2023-02-12 11:05:00,3001,bronze,GOOGL,buy,2.29,2577.42
2023-03-19 19:36:00,3001,bronze,SPY,sell,1.27,408.54
2023-03-01 13:40:00,3001,bronze,GOOGL,buy,4.65,2532.09
2023-03-30 20:10:00,3001,bronze,QQQ,sell,3.15,358.33
2023-03-15 16:36:00,3001,bronze,SPY,sell,6.1,433.48
2023-03-29 20:21:00,3001,bronze,AAPL,sell,3.93,152.93
2023-03-23 00:00:00,3001,bronze,SPY,sell,5.45,444.36
2023-02-08 19:27:00,3001,bronze,GOOGL,buy,5.08,2684.67
2023-01-17 10:02:00,3001,bronze,MSFT,sell,7.46,303.31
2023-02-06 01:03:00,3001,bronze,AAPL,sell,9.11,179.04
2023-03-26 05:55:00,3001,bronze,GOOGL,sell,7.32,2595.44
2023-03-27 04:17:00,3001,bronze,SPY,buy,2.69,407.71
2023-01-11 04:41:00,3001,bronze,GOOGL,buy,1.65,2716.4
2023-02-27 13:07:00,3001,bronze,SPY,sell,9.04,422.72
2023-02-22 18:38:00,3001,bronze,MSFT,buy,2.67,313.87
2023-01-11 04:50:00,3001,bronze,QQQ,sell,1.3,388.47
2023-03-27 02:39:00,3001,bronze,QQQ,sell,5.18,379.67
2023-03-15 11:18:00,3001,bronze,QQQ,sell,6.52,386.24
2023-01-08 21:28:00,3002,bronze,MSFT,sell,3.6,309.98
2023-01-17 17:15:00,3002,bronze,SPY,buy,6.16,401.36
2023-03-17 05:09:00,3002,bronze,AAPL,sell,3.27,168.47
2023-02-13 02:52:00,3002,bronze,SPY,sell,8.27,439.97
2023-01-22 07:11:00,3002,bronze,GOOGL,buy,8.54,2623.88
2023-03-02 18:10:00,3002,bronze,QQQ,sell,1.49,369.05
2023-02-27 13:02:00,3002,bronze,GOOGL,sell,7.15,2578.79
2023-02-04 11:26:00,3002,bronze,MSFT,buy,1.88,313.77
2023-03-28 20:05:00,3002,bronze,MSFT,sell,8.22,298.44
2023-02-22 03:20:00,3002,bronze,GOOGL,sell,7.1,2593.98
2023-01-08 20:16:00,3002,bronze,QQQ,buy,7.17,374.78
2023-03-14 06:18:00,3002,bronze,GOOGL,buy,7.37,2756.93
2023-02-24 23:37:00,3002,bronze,AAPL,buy,3.28,164.01
2023-02-03 06:04:00,3002,bronze,MSFT,sell,2.46,295.31
2023-02-25 07:27:00,3002,bronze,SPY,buy,5.43,424.6
2023-02-27 00:38:00,3002,bronze,QQQ,buy,9.21,360.02
2023-02-20 19:36:00,3002,bronze,SPY,buy,6.88,407.58
2023-02-19 23:31:00,3002,bronze,AAPL,sell,5.3,162.12
2023-03-24 03:05:00,3002,bronze,SPY,buy,6.11,420.03
2023-02-19 22:33:00,3002,bronze,MSFT,sell,1.72,305.91
2023-01-25 04:46:00,3002,bronze,GOOGL,sell,7.26,2689.19
2023-03-05 18:13:00,3002,bronze,AAPL,buy,1.23,179.89
2023-03-27 17:51:00,3002,bronze,SPY,buy,1.33,405.91
2023-03-21 01:33:00,3002,bronze,SPY,buy,7.67,424.44
2023-03-17 02:10:00,3002,bronze,GOOGL,buy,1.13,2771.4
2023-03-28 13:43:00,3002,bronze,AAPL,buy,5.47,173.98
2023-03-17 05:55:00,3002,bronze,MSFT,buy,9.78,313.46
2023-03-16 01:23:00,3002,bronze,MSFT,buy,2.09,307.85
2023-01-01 06:07:00,3002,bronze,GOOGL,buy,8.12,2612.84
2023-03-08 15:22:00,3002,bronze,AAPL,sell,4.75,174.22
2023-03-22 10:16:00,3002,bronze,SPY,buy,9.44,424.99
2023-03-11 17:19:00,3002,bronze,MSFT,sell,1.04,301.21
2023-03-02 16:58:00,3002,bronze,GOOGL,sell,7.93,2582.93
2023-02-28 01:28:00,3002,bronze,GOOGL,buy,7.03,2693.46
2023-02-26 20:13:00,3002,bronze,AAPL,buy,9.32,155.28
2023-01-31 14:04:00,3002,bronze,QQQ,sell,4.77,359.11
2023-03-20 15:31:00,3002,bronze,GOOGL,sell,9.02,2675.53
2023-01-05 23:37:00,3002,bronze,GOOGL,sell,4.36,2558.25
2023-02-07 20:36:00,3002,bronze,QQQ,buy,3.53,358.79
2023-01-28 20:11:00,3002,bronze,GOOGL,buy,6.2,2568.91
2023-03-17 05:05:00,3002,bronze,SPY,sell,3.51,416.36
2023-02-20 16:21:00,3002,bronze,QQQ,buy,4.76,367.03
2023-02-15 10:05:00,3002,bronze,AAPL,sell,5.46,152.49
2023-02-28 15:49:00,3002,bronze,GOOGL,buy,1.14,2548.54
2023-02-19 23:34:00,3002,bronze,GOOGL,sell,2.66,2688.04
2023-03-29 02:45:00,3002,bronze,MSFT,buy,3.67,304.5
2023-02-16 15:53:00,3002,bronze,QQQ,sell,7.62,354.44
2023-02-12 08:08:00,3002,bronze,QQQ,buy,4.29,358.19
2023-01-29 10:56:00,3002,bronze,QQQ,buy,6.84,380.13
2023-01-16 16:02:00,3002,bronze,MSFT,sell,5.53,294.91
2023-01-25 15:37:00,3002,bronze,QQQ,sell,5.07,385.33
2023-01-19 16:56:00,3002,bronze,AAPL,buy,4.52,155.36
2023-02-14 14:20:00,3002,bronze,GOOGL,buy,5.69,2587.95
2023-03-16 11:42:00,3003,bronze,AAPL,sell,2.7,150.66
2023-02-09 05:51:00,3003,bronze,MSFT,sell,6.34,297.81
2023-01-22 21:06:00,3003,bronze,MSFT,buy,5.36,281.89
2023-01-15 01:24:00,3003,bronze,GOOGL,sell,2.64,2712.43
2023-01-19 12:43:00,3003,bronze,MSFT,buy,4.97,308.29
2023-02-10 05:19:00,3003,bronze,SPY,buy,5.8,438.43
2023-03-27 05:01:00,3003,bronze,AAPL,sell,6.83,158.87
2023-01-04 13:42:00,3003,bronze,QQQ,sell,4.05,354.68
2023-02-05 06:40:00,3003,bronze,QQQ,buy,5.01,358.89
2023-02-10 20:35:00,3003,bronze,AAPL,buy,5.85,163.36
2023-02-06 11:46:00,3003,bronze,QQQ,buy,9.18,364.91
2023-02-26 09:51:00,3003,bronze,MSFT,sell,9.8,309.11
2023-03-09 11:26:00,3003,bronze,GOOGL,sell,7.56,2750.65
2023-01-18 06:48:00,3003,bronze,AAPL,sell,1.8,162.28
2023-03-01 07:39:00,3003,bronze,GOOGL,sell,3.61,2746.84
2023-02-06 14:14:00,3003,bronze,AAPL,buy,2.39,159.01
2023-03-18 12:20:00,3003,bronze,GOOGL,sell,9.16,2508.53
2023-03-07 19:38:00,3003,bronze,QQQ,sell,6.09,354.78
2023-02-04 12:19:00,3003,bronze,AAPL,sell,2.47,151.76
2023-01-13 20:26:00,3003,bronze,SPY,sell,1.44,409.69
2023-01-13 18:14:00,3003,bronze,GOOGL,sell,8.85,2705.49
2023-01-21 03:29:00,3003,bronze,QQQ,sell,8.41,363.61
2023-03-10 18:48:00,3003,bronze,GOOGL,buy,5.53,2738.53
2023-02-16 04:44:00,3003,bronze,AAPL,sell,5.14,152.29
2023-03-30 07:44:00,3003,bronze,SPY,sell,2.55,406.44
2023-03-03 14:43:00,3003,bronze,MSFT,buy,2.89,310.52
2023-01-09 10:17:00,3003,bronze,AAPL,buy,1.97,173.79
2023-01-12 04:58:00,3003,bronze,AAPL,buy,8.04,177.6
2023-03-16 00:28:00,3003,bronze,MSFT,sell,4.17,304.52
2023-01-28 17:12:00,3003,bronze,QQQ,buy,7.44,379.01
2023-02-24 07:18:00,3003,bronze,SPY,sell,7.28,441.74
2023-02-16 09:50:00,3003,bronze,QQQ,buy,4.67,369.83
2023-02-26 07:42:00,3003,bronze,QQQ,buy,1.74,377.48
2023-03-28 12:32:00,3003,bronze,QQQ,sell,3.62,369.03
2023-01-19 13:28:00,3003,bronze,GOOGL,buy,9.99,2531.55
2023-02-21 04:11:00,3003,bronze,SPY,buy,7.67,409.95
2023-03-24 13:39:00,3003,bronze,GOOGL,sell,7.53,2714.05
2023-01-16 08:33:00,3003,bronze,MSFT,sell,7.0,300.46
2023-01-04 06:06:00,3003,bronze,SPY,sell,3.08,441.52
2023-03-01 06:53:00,3003,bronze,SPY,sell,2.37,437.58
2023-01-05 14:41:00,3003,bronze,MSFT,sell,5.41,314.39
2023-02-08 05:36:00,3003,bronze,AAPL,sell,5.05,175.59
2023-03-29 18:24:00,3003,bronze,SPY,sell,2.21,433.75
2023-03-20 23:05:00,3003,bronze,QQQ,sell,5.28,388.83
2023-01-04 21:20:00,3003,bronze,MSFT,sell,3.88,313.48
2023-03-24 10:39:00,3003,bronze,MSFT,sell,1.88,294.05
2023-02-28 22:27:00,3003,bronze,QQQ,buy,9.19,363.04
2023-03-15 03:20:00,3003,bronze,SPY,sell,3.4,418.89
2023-02-08 12:24:00,3003,bronze,SPY,buy,7.22,433.37
2023-01-07 10:08:00,3003,bronze,SPY,buy,5.47,426.79
2023-02-04 02:17:00,3003,bronze,QQQ,sell,8.24,373.67
2023-03-26 18:25:00,3003,bronze,QQQ,sell,4.84,362.0
2023-03-23 00:00:00,3003,bronze,MSFT,buy,4.73,306.86
2023-03-10 20:58:00,3003,bronze,QQQ,buy,6.19,387.49
2023-02-25 14:00:00,3004,bronze,QQQ,buy,5.7,362.01
2023-01-31 13:51:00,3004,bronze,MSFT,buy,6.71,291.48
2023-02-24 22:04:00,3004,bronze,GOOGL,buy,2.35,2739.11
2023-01-06 16:35:00,3004,bronze,AAPL,buy,2.43,154.09
2023-02-16 22:55:00,3004,bronze,AAPL,buy,8.74,152.52
2023-03-08 22:40:00,3004,bronze,AAPL,sell,9.49,171.73
2023-02-19 08:03:00,3004,bronze,QQQ,sell,5.47,383.29
2023-03-04 18:12:00,3004,bronze,SPY,buy,2.3,412.72
2023-02-16 16:13:00,3004,bronze,MSFT,buy,3.85,318.53
2023-03-30 22:55:00,3004,bronze,MSFT,sell,1.19,313.66
2023-01-31 15:06:00,3004,bronze,GOOGL,sell,5.97,2787.55
2023-01-31 10:09:00,3004,bronze,SPY,buy,9.19,404.51
2023-01-11 16:46:00,3004,bronze,GOOGL,buy,9.24,2763.84
2023-02-03 17:16:00,3004,bronze,SPY,sell,9.34,405.02
2023-03-24 21:53:00,3004,bronze,AAPL,sell,4.79,171.88
2023-01-21 08:31:00,3004,bronze,GOOGL,sell,8.12,2620.2
2023-02-03 05:55:00,3004,bronze,QQQ,buy,8.62,379.41
2023-03-15 07:39:00,3004,bronze,QQQ,sell,8.2,387.79
2023-03-31 05:45:00,3004,bronze,AAPL,buy,9.31,169.41
2023-01-02 17:56:00,3004,bronze,AAPL,sell,6.56,168.01
2023-02-04 09:49:00,3004,bronze,SPY,sell,8.45,447.3
2023-02-23 06:09:00,3004,bronze,SPY,sell,2.17,414.15
2023-03-24 15:38:00,3004,bronze,SPY,buy,1.26,412.42
2023-02-24 20:23:00,3004,bronze,AAPL,buy,5.22,176.14
2023-03-27 20:25:00,3004,bronze,MSFT,buy,1.86,289.39
2023-03-13 01:24:00,3004,bronze,AAPL,buy,3.28,168.59
2023-03-09 14:46:00,3004,bronze,QQQ,buy,3.34,362.69
2023-02-25 09:39:00,3004,bronze,GOOGL,sell,2.05,2538.36
2023-03-13 22:26:00,3004,bronze,MSFT,sell,5.65,309.47
2023-01-15 16:53:00,3004,bronze,SPY,buy,2.7,408.18
2023-01-16 11:55:00,3004,bronze,AAPL,sell,4.21,171.27
2023-03-16 07:14:00,3004,bronze,AAPL,buy,8.81,155.42
2023-02-12 00:53:00,3004,bronze,QQQ,buy,5.73,377.08
2023-04-01 22:30:00,3004,bronze,MSFT,buy,4.55,313.48
2023-02-27 11:05:00,3004,bronze,SPY,sell,6.66,402.19
2023-03-19 13:01:00,3004,bronze,QQQ,buy,2.9,352.83
2023-02-19 13:44:00,3004,bronze,AAPL,sell,3.3,157.2
2023-01-17 12:15:00,3004,bronze,MSFT,buy,2.09,312.25
2023-02-24 12:34:00,3004,bronze,AAPL,sell,5.61,164.69
2023-03-29 05:17:00,3004,bronze,QQQ,buy,4.91,358.97
2023-02-08 08:29:00,3004,bronze,SPY,buy,3.62,407.43
2023-01-13 15:51:00,3004,bronze,QQQ,sell,3.66,367.0
2023-01-24 13:24:00,3004,bronze,QQQ,sell,4.2,368.52
2023-02-03 11:39:00,3004,bronze,AAPL,buy,4.75,171.13
2023-01-01 13:28:00,3004,bronze,GOOGL,buy,2.67,2681.22
2023-03-04 10:20:00,3004,bronze,AAPL,buy,2.55,164.31
2023-01-25 03:49:00,3004,bronze,QQQ,sell,7.22,355.4
2023-03-10 06:30:00,3004,bronze,AAPL,buy,8.73,156.28
2023-02-26 16:33:00,3004,bronze,AAPL,sell,7.93,154.44
2023-01-02 03:30:00,3004,bronze,SPY,buy,8.74,441.69
2023-03-04 17:31:00,3004,bronze,SPY,sell,8.64,414.54
2023-03-24 14:14:00,3004,bronze,QQQ,sell,3.09,360.71
2023-01-25 16:01:00,3004,bronze,SPY,buy,5.45,401.04
2023-03-01 04:28:00,3005,bronze,SPY,buy,5.57,442.67
2023-01-21 21:13:00,3005,bronze,MSFT,sell,9.64,309.38
2023-02-23 16:51:00,3005,bronze,GOOGL,sell,7.22,2644.87
2023-03-06 01:05:00,3005,bronze,MSFT,buy,2.88,315.24
2023-02-15 01:35:00,3005,bronze,AAPL,sell,4.88,168.53
2023-02-26 15:36:00,3005,bronze,QQQ,sell,9.07,352.02
2023-01-22 21:30:00,3005,bronze,AAPL,buy,8.03,168.29
2023-01-13 05:15:00,3005,bronze,AAPL,buy,9.2,154.71
2023-03-02 11:39:00,3005,bronze,MSFT,sell,8.37,318.79
2023-03-09 14:23:00,3005,bronze,MSFT,buy,1.77,294.43
2023-02-16 01:00:00,3005,bronze,GOOGL,buy,8.22,2622.79
2023-01-22 14:48:00,3005,bronze,SPY,buy,7.93,416.92
2023-03-26 17:44:00,3005,bronze,AAPL,sell,7.83,169.81
2023-01-02 09:32:00,3005,bronze,MSFT,sell,4.62,292.17
2023-03-31 11:47:00,3005,bronze,QQQ,buy,7.3,376.08
2023-03-08 18:27:00,3005,bronze,SPY,buy,8.93,435.94
2023-03-11 20:13:00,3005,bronze,MSFT,buy,1.84,310.28
2023-02-03 21:24:00,3005,bronze,MSFT,buy,8.49,300.21
2023-02-13 08:03:00,3005,bronze,QQQ,sell,2.11,350.21
2023-03-08 08:27:00,3005,bronze,QQQ,buy,4.15,378.57
2023-02-22 02:47:00,3005,bronze,AAPL,sell,5.65,155.78
2023-03-13 17:42:00,3005,bronze,AAPL,buy,4.82,153.9
2023-02-23 05:33:00,3005,bronze,SPY,sell,6.26,447.39
2023-02-28 16:09:00,3005,bronze,GOOGL,buy,5.36,2790.41
2023-03-15 09:53:00,3005,bronze,AAPL,buy,9.5,161.08
2023-03-17 14:23:00,3005,bronze,AAPL,buy,2.06,159.15
2023-01-06 14:15:00,3005,bronze,AAPL,sell,9.0,156.47
2023-01-18 17:13:00,3005,bronze,SPY,sell,6.09,436.0
2023-02-19 07:56:00,3005,bronze,SPY,sell,7.0,431.24
2023-04-01 00:50:00,3005,bronze,SPY,sell,5.87,432.3
2023-01-07 19:27:00,3005,bronze,QQQ,sell,6.05,373.07
2023-02-05 07:01:00,3005,bronze,QQQ,buy,7.76,388.5
2023-02-13 14:55:00,3005,bronze,GOOGL,sell,1.76,2596.13
2023-02-06 04:54:00,3005,bronze,GOOGL,sell,1.22,2614.6
2023-01-24 00:55:00,3005,bronze,GOOGL,sell,7.91,2785.65
2023-01-16 01:46:00,3005,bronze,AAPL,sell,4.51,159.6
2023-01-08 10:51:00,3005,bronze,GOOGL,buy,7.77,2647.89
2023-03-17 23:02:00,3005,bronze,SPY,sell,1.59,400.93
2023-03-06 06:56:00,3005,bronze,AAPL,buy,7.87,169.55
2023-01-06 00:02:00,3005,bronze,GOOGL,sell,5.86,2573.55
2023-03-29 12:58:00,3005,bronze,SPY,sell,6.88,413.67
2023-02-20 23:50:00,3005,bronze,MSFT,buy,6.27,309.57
2023-03-29 11:41:00,3005,bronze,AAPL,buy,7.53,179.96
2023-03-30 04:33:00,3005,bronze,MSFT,sell,3.46,288.42
2023-02-20 18:22:00,3005,bronze,AAPL,sell,1.04,150.29
2023-02-18 20:31:00,3005,bronze,AAPL,buy,5.85,176.78
2023-02-26 00:19:00,3005,bronze,MSFT,sell,2.59,280.34
2023-01-29 07:59:00,3005,bronze,GOOGL,buy,7.83,2712.76
2023-03-23 13:31:00,3005,bronze,SPY,sell,1.33,400.36
2023-03-14 05:59:00,3005,bronze,AAPL,sell,6.12,164.82
2023-02-05 06:32:00,3005,bronze,AAPL,buy,7.71,153.82
